"ID","Category","Name","Description","Selling Unit","Catch Weight","Season Start Date","Season End Date",""
"291","Buttermilk","Buttermilk","","pt","0","1-1-2013","12-31-2013",""
"541","Pies","Apple Pie","","lb","0","1-1-2013","12-31-2013",""
"495","Applesauce","Applesauce","","lb","0","1-1-2013","12-31-2013",""
"449","Pork","Bacon","","lb","0","1-1-2013","12-31-2013",""
"559","Bars","Bars","","lb","0","1-1-2013","12-31-2013",""
"355","Bass","Bass","","lb","0","1-1-2013","12-31-2013",""
"651","Beef","Beef","","lb","0","1-1-2013","12-31-2013",""
"450","Pork","Belly","","lb","0","1-1-2013","12-31-2013",""
"637","Bison","Bison","","lb","0","1-1-2013","12-31-2013",""
"407","Bison","Bison Meat","","lb","0","1-1-2013","12-31-2013",""
"360","Beef","Bones","","lb","0","1-1-2013","12-31-2013",""
"561","Elk","Bottom Rolled Roast","","lb","0","1-1-2013","12-31-2013",""
"451","Pork","Bratwurst","","lb","0","1-1-2013","12-31-2013",""
"361","Beef","Bratwurst","","lb","0","1-1-2013","12-31-2013",""
"616","Bread","Bread","","lb","0","1-1-2013","12-31-2013",""
"422","Duck","Breast","","lb","0","1-1-2013","12-31-2013",""
"414","Chicken","Breast","","lb","0","1-1-2013","12-31-2013",""
"483","Turkey","Breast","","lb","0","1-1-2013","12-31-2013",""
"521","Bread","Brioche","","lb","0","1-1-2013","12-31-2013",""
"362","Beef","Brisket","","lb","0","1-1-2013","12-31-2013",""
"555","Brownies","Brownies","","lb","0","1-1-2013","12-31-2013",""
"534","Pastries","Brownies","","lb","0","1-1-2013","12-31-2013",""
"562","Elk","Burger/Ground","","lb","0","1-1-2013","12-31-2013",""
"549","Ostrich","Burgers","","lb","0","1-1-2013","12-31-2013",""
"452","Pork","Butt","","lb","0","1-1-2013","12-31-2013",""
"328","Chicken Eggs","Chicken Eggs","","doz","0","1-1-2013","12-31-2013",""
"556","Cakes","Cake","","lb","0","1-1-2013","12-31-2013",""
"640","Cakes","Cakes","","lb","0","1-1-2013","12-31-2013",""
"453","Pork","Caul Fat","","lb","0","1-1-2013","12-31-2013",""
"522","Bread","Challah","","lb","0","1-1-2013","12-31-2013",""
"190","Mushrooms","Chanterelle Mushrooms","","lb","0","1-1-2013","12-31-2013",""
"294","Cheese","Cheddar","","lb","0","1-1-2013","12-31-2013",""
"363","Beef","Cheeks","","lb","0","1-1-2013","12-31-2013",""
"628","Cheese","Cheese","","lb","0","1-1-2013","12-31-2013",""
"295","Cheese","Chevre","","lb","0","1-1-2013","12-31-2013",""
"624","Chicken","Chicken","","lb","0","1-1-2013","12-31-2013",""
"415","Chicken","Chicken Backs","","lb","0","1-1-2013","12-31-2013",""
"329","Chicken Eggs","Extra Large Eggs","","doz","0","1-1-2013","12-31-2013",""
"501","Ice Cream","Chocolate","","gal","0","1-1-2013","12-31-2013",""
"330","Chicken Eggs","Jumbo Eggs","","doz","0","1-1-2013","12-31-2013",""
"454","Pork","Chorizo","","lb","0","1-1-2013","12-31-2013",""
"523","Bread","Ciabatta","","lb","0","1-1-2013","12-31-2013",""
"496","Shellfish","Clams","","lb","0","1-1-2013","12-31-2013",""
"296","Cheese","Colby","","lb","0","1-1-2013","12-31-2013",""
"625","Condiments","Condiments","","lb","0","1-1-2013","12-31-2013",""
"535","Pastries","Cookies","","lb","0","1-1-2013","12-31-2013",""
"557","Cookies","Cookies","","lb","0","1-1-2013","12-31-2013",""
"297","Cheese","Cow's Milk Cheese","","lb","0","1-1-2013","12-31-2013",""
"331","Chicken Eggs","Large Eggs","","doz","0","1-1-2013","12-31-2013",""
"332","Chicken Eggs","Medium Eggs","","doz","0","1-1-2013","12-31-2013",""
"333","Chicken Eggs","Pullet Eggs","","doz","0","1-1-2013","12-31-2013",""
"191","Mushrooms","Cremini Mushrooms","","lb","0","1-1-2013","12-31-2013",""
"536","Pastries","Croissants","","lb","0","1-1-2013","12-31-2013",""
"563","Elk","Cube Steak","","lb","0","1-1-2013","12-31-2013",""
"558","Cupcakes","Cupcakes","","lb","0","1-1-2013","12-31-2013",""
"298","Cheese","Curds","","lb","0","1-1-2013","12-31-2013",""
"564","Elk","Delmonico Steak","","lb","0","1-1-2013","12-31-2013",""
"416","Chicken","Drumsticks","","lb","0","1-1-2013","12-31-2013",""
"484","Turkey","Drumsticks","","lb","0","1-1-2013","12-31-2013",""
"635","Duck","Duck","","lb","0","1-1-2013","12-31-2013",""
"334","Chicken Eggs","Small Eggs","","doz","0","1-1-2013","12-31-2013",""
"455","Pork","Ears","","lb","0","1-1-2013","12-31-2013",""
"537","Pastries","Eclairs","","lb","0","1-1-2013","12-31-2013",""
"649","Elk","Elk","","lb","0","1-1-2013","12-31-2013",""
"192","Mushrooms","Enoki Mushrooms","","lb","0","1-1-2013","12-31-2013",""
"492","Cider/Juice","Apple Juice","","gal","0","1-1-2013","12-31-2013",""
"565","Elk","Eye Of Round Roast","","lb","0","1-1-2013","12-31-2013",""
"566","Elk","Eye Round Steak","","lb","0","1-1-2013","12-31-2013",""
"424","Duck","Fat","","lb","0","1-1-2013","12-31-2013",""
"456","Pork","Fat Back","","lb","0","1-1-2013","12-31-2013",""
"493","Cider/Juice","Cider","","gal","0","1-1-2013","12-31-2013",""
"621","Cider/Juice","Cider/Juice","","gal","0","1-1-2013","12-31-2013",""
"567","Elk","Filet Mignon","","lb","0","1-1-2013","12-31-2013",""
"364","Beef","Filet Mignon","","lb","0","1-1-2013","12-31-2013",""
"550","Ostrich","Filets","","lb","0","1-1-2013","12-31-2013",""
"494","Cider/Juice","Pear Cider","","gal","0","1-1-2013","12-31-2013",""
"524","Bread","Focaccia","","lb","0","1-1-2013","12-31-2013",""
"560","Frozen Fruit","Frozen Fruit","","lb","0","1-1-2013","12-31-2013",""
"581","Frozen Vegetables","Frozen Vegetables","","lb","0","1-1-2013","12-31-2013",""
"503","Ice Cream","Fruit Flavor","","lb","0","1-1-2013","12-31-2013",""
"652","Game Birds","Game Birds","","lb","0","1-1-2013","12-31-2013",""
"617","Goat","Goat","","lb","0","1-1-2013","12-31-2013",""
"427","Goat","Goat Meat","","lb","0","1-1-2013","12-31-2013",""
"491","Cider/Juice","Apple Cider","","gal","0","9-1-2013","12-31-2013",""
"300","Cheese","Goat's Milk Cheese","","lb","0","1-1-2013","12-31-2013",""
"633","Cream","Cream","","pt","0","1-1-2013","12-31-2013",""
"609","Goose","Goose","","lb","0","1-1-2013","12-31-2013",""
"533","Granola","Granola","","lb","0","1-1-2013","12-31-2013",""
"591","Granola","Granola","","lb","0","1-1-2013","12-31-2013",""
"309","Cream","Heavy Cream","","pt","0","1-1-2013","12-31-2013",""
"365","Beef","Ground Beef","","lb","0","1-1-2013","12-31-2013",""
"408","Bison","Ground Bison","","lb","0","1-1-2013","12-31-2013",""
"432","Lamb","Ground Lamb","","lb","0","1-1-2013","12-31-2013",""
"551","Ostrich","Ground Ostrich","","lb","0","1-1-2013","12-31-2013",""
"457","Pork","Ground Pork","","lb","0","1-1-2013","12-31-2013",""
"485","Turkey","Ground Turkey","","lb","0","1-1-2013","12-31-2013",""
"599","Game Birds","Guinea Hen","","lb","0","1-1-2013","12-31-2013",""
"366","Beef","Half Cow","","lb","0","1-1-2013","12-31-2013",""
"568","Elk","Half Elk","","lb","0","1-1-2013","12-31-2013",""
"458","Pork","Half Pig","","lb","0","1-1-2013","12-31-2013",""
"459","Pork","Ham","","lb","0","1-1-2013","12-31-2013",""
"460","Pork","Ham Steak","","lb","0","1-1-2013","12-31-2013",""
"409","Bison","Hanger Steaks","","lb","0","1-1-2013","12-31-2013",""
"367","Beef","Hanger Steaks","","lb","0","1-1-2013","12-31-2013",""
"461","Pork","Head","","lb","0","1-1-2013","12-31-2013",""
"433","Lamb","Hearts","","lb","0","1-1-2013","12-31-2013",""
"368","Beef","Hearts","","lb","0","1-1-2013","12-31-2013",""
"462","Pork","Hearts","","lb","0","1-1-2013","12-31-2013",""
"310","Cream","Sour Cream","","pt","0","1-1-2013","12-31-2013",""
"463","Pork","Hocks","","lb","0","1-1-2013","12-31-2013",""
"464","Pork","Hot Dogs","","lb","0","1-1-2013","12-31-2013",""
"369","Beef","Hot Dogs","","lb","0","1-1-2013","12-31-2013",""
"626","Ice Cream","Ice Cream","","gal","0","1-1-2013","12-25-2013",""
"569","Elk","Jerkey","","lb","0","1-1-2013","12-31-2013",""
"552","Ostrich","Jerky","","lb","0","1-1-2013","12-31-2013",""
"465","Pork","Jowl","","lb","0","1-1-2013","12-31-2013",""
"311","Cream","Table Cream (Half And Half)","","1/2gal","0","1-1-2013","12-31-2013",""
"592","Condiments","Ketchup","","lb","0","1-1-2013","12-31-2013",""
"466","Pork","Kidneys","","lb","0","1-1-2013","12-31-2013",""
"370","Beef","Kidneys","","lb","0","1-1-2013","12-31-2013",""
"641","Lamb","Lamb","","lb","0","1-1-2013","12-31-2013",""
"308","Cream","Cr√§me Fraiche","","pt","0","1-1-2013","12-31-2013",""
"312","Cream","Whipping Cream","","pt","0","1-1-2013","12-31-2013",""
"467","Pork","Leaf Lard","","lb","0","1-1-2013","12-31-2013",""
"425","Duck","Legs","","lb","0","1-1-2013","12-31-2013",""
"428","Goat","Legs","","lb","0","1-1-2013","12-31-2013",""
"434","Lamb","Legs","","lb","0","1-1-2013","12-31-2013",""
"435","Lamb","Liver","","lb","0","1-1-2013","12-31-2013",""
"371","Beef","Liver","","lb","0","1-1-2013","12-31-2013",""
"417","Chicken","Livers","","lb","0","1-1-2013","12-31-2013",""
"468","Pork","Livers","","lb","0","1-1-2013","12-31-2013",""
"497","Shellfish","Lobster","","lb","0","1-1-2013","12-31-2013",""
"436","Lamb","Loin Chops","","lb","0","1-1-2013","12-31-2013",""
"372","Beef","London Broil","","lb","0","1-1-2013","12-31-2013",""
"570","Elk","London Broil","","lb","0","1-1-2013","12-31-2013",""
"335","Duck Eggs","Duck Eggs","","doz","0","1-1-2013","12-31-2013",""
"611","Egg Nog","Egg Nog","","1/2gal","0","11-1-2013","12-31-2013",""
"193","Mushrooms","Maitake Mushrooms","","lb","0","1-1-2013","12-31-2013",""
"177","Herbs","Lavender","","bunch","0","1-1-2013","12-31-2013",""
"373","Beef","Marrow Bones","","lb","0","1-1-2013","12-31-2013",""
"593","Condiments","Mayonnaise","","lb","0","1-1-2013","12-31-2013",""
"186","Herbs","Stevia","","bunch","0","1-1-2013","12-31-2013",""
"650","Microgreens","Microgreens","","lb","0","1-1-2013","12-31-2013",""
"173","Herbs","Chives","","bunch","0","5-1-2013","11-15-2013",""
"605","Mixed Box","Mixed Box","","lb","0","1-1-2013","12-31-2013",""
"374","Beef","Mixed Cuts","","lb","0","1-1-2013","12-31-2013",""
"301","Cheese","Monterey","","lb","0","1-1-2013","12-31-2013",""
"302","Cheese","Mozzarella","","lb","0","1-1-2013","12-31-2013",""
"538","Pastries","Muffins","","doz","0","1-1-2013","12-31-2013",""
"525","Bread","Multigrain Bread","","lb","0","1-1-2013","12-31-2013",""
"194","Mushrooms","Mushrooms","","lb","0","1-1-2013","12-31-2013",""
"594","Condiments","Mustard","","lb","0","1-1-2013","12-31-2013",""
"469","Pork","Neck Bones","","lb","0","1-1-2013","12-31-2013",""
"486","Turkey","Necks","","lb","0","1-1-2013","12-31-2013",""
"571","Elk","Ny Strip Steak","","lb","0","1-1-2013","12-31-2013",""
"188","Herbs","Thyme","","bunch","0","5-1-2013","9-30-2013",""
"174","Herbs","Cilantro","","bunch","0","6-1-2013","12-15-2013",""
"375","Beef","Osso Buco","","lb","0","1-1-2013","12-31-2013",""
"636","Ostrich","Ostrich","","lb","0","1-1-2013","12-31-2013",""
"376","Beef","Other Cuts","","lb","0","1-1-2013","12-31-2013",""
"604","Other Poultry","Other Poultry","","lb","0","1-1-2013","12-31-2013",""
"377","Beef","Oxtail","","lb","0","1-1-2013","12-31-2013",""
"195","Mushrooms","Oyster Mushrooms","","lb","0","1-1-2013","12-31-2013",""
"600","Game Birds","Partridge","","lb","0","1-1-2013","12-31-2013",""
"539","Pastries","Pastries","","doz","0","1-1-2013","12-31-2013",""
"378","Beef","Patties","","lb","0","1-1-2013","12-31-2013",""
"410","Bison","Patties","","lb","0","1-1-2013","12-31-2013",""
"601","Game Birds","Pheasant","","lb","0","1-1-2013","12-31-2013",""
"543","Pies","Pie","","lb","0","1-1-2013","12-31-2013",""
"645","Pies","Pies","","lb","0","1-1-2013","12-31-2013",""
"196","Mushrooms","Pioppini Mushrooms","","lb","0","1-1-2013","12-31-2013",""
"175","Herbs","Dill","","bunch","0","6-1-2013","11-30-2013",""
"197","Mushrooms","Porcini Mushrooms","","lb","0","1-1-2013","12-31-2013",""
"631","Pork","Pork","","lb","0","1-1-2013","12-31-2013",""
"470","Pork","Pork Chops","","lb","0","1-1-2013","12-31-2013",""
"572","Elk","Porter House","","lb","0","1-1-2013","12-31-2013",""
"198","Mushrooms","Portobella Mushrooms","","lb","0","1-1-2013","12-31-2013",""
"379","Beef","Primals","","lb","0","1-1-2013","12-31-2013",""
"176","Herbs","Herbs","","bunch","0","6-1-2013","10-31-2013",""
"526","Bread","Pumpernickel Bread","","lb","0","1-1-2013","12-31-2013",""
"602","Game Birds","Quail","","lb","0","1-1-2013","12-31-2013",""
"178","Herbs","Lemon Balm","","bunch","0","6-1-2013","11-30-2013",""
"380","Beef","Quarter Cow","","lb","0","1-1-2013","12-31-2013",""
"638","Rabbit","Rabbit","","lb","0","1-1-2013","12-31-2013",""
"437","Lamb","Rack Roast","","lb","0","1-1-2013","12-31-2013",""
"180","Herbs","Marjoram","","bunch","0","6-1-2013","11-15-2013",""
"585","Relishes And Salsas","Relish","","lb","0","1-1-2013","12-31-2013",""
"644","Relishes And Salsas","Relishes And Salsas","","lb","0","1-1-2013","12-31-2013",""
"381","Beef","Ribeye","","lb","0","1-1-2013","12-31-2013",""
"411","Bison","Ribeye","","lb","0","1-1-2013","12-31-2013",""
"438","Lamb","Ribs","","lb","0","1-1-2013","12-31-2013",""
"471","Pork","Ribs","","lb","0","1-1-2013","12-31-2013",""
"382","Beef","Roast, Bottom Round","","lb","0","1-1-2013","12-31-2013",""
"383","Beef","Roast, Chuck","","lb","0","1-1-2013","12-31-2013",""
"384","Beef","Roast, Eye Round","","lb","0","1-1-2013","12-31-2013",""
"385","Beef","Roast, Rib","","lb","0","1-1-2013","12-31-2013",""
"386","Beef","Roast, Rump","","lb","0","1-1-2013","12-31-2013",""
"429","Goat","Roast, Shoulder","","lb","0","1-1-2013","12-31-2013",""
"387","Beef","Roast, Shoulder","","lb","0","1-1-2013","12-31-2013",""
"388","Beef","Roast, Top Round","","lb","0","1-1-2013","12-31-2013",""
"527","Bread","Rye Bread","","lb","0","1-1-2013","12-31-2013",""
"288","Butter","Salted Butter","","lb","0","1-1-2013","12-31-2013",""
"181","Herbs","Mint","","bunch","0","6-1-2013","11-30-2013",""
"182","Herbs","Oregano","","bunch","0","6-1-2013","10-31-2013",""
"472","Pork","Sausage","","lb","0","1-1-2013","12-31-2013",""
"439","Lamb","Sausage","","lb","0","1-1-2013","12-31-2013",""
"573","Elk","Sausage","","lb","0","1-1-2013","12-31-2013",""
"500","Shellfish","Scallops","","lb","0","1-1-2013","12-31-2013",""
"540","Pastries","Scones","","doz","0","1-1-2013","12-31-2013",""
"504","Ice Cream","Seasonal Flavor","","lb","0","1-1-2013","12-31-2013",""
"528","Bread","Semolina Bread","","lb","0","1-1-2013","12-31-2013",""
"440","Lamb","Shanks","","lb","0","1-1-2013","12-31-2013",""
"389","Beef","Shanks","","lb","0","1-1-2013","12-31-2013",""
"473","Pork","Shanks","","lb","0","1-1-2013","12-31-2013",""
"430","Goat","Shanks","","lb","0","1-1-2013","12-31-2013",""
"306","Cheese","Sheep's Milk Cheese","","lb","0","1-1-2013","12-31-2013",""
"184","Herbs","Rosemary","","bunch","0","6-1-2013","12-15-2013",""
"199","Mushrooms","Shitaki Mushrooms","","lb","0","1-1-2013","12-31-2013",""
"390","Beef","Short Ribs","","lb","0","1-1-2013","12-31-2013",""
"441","Lamb","Shoulder","","lb","0","1-1-2013","12-31-2013",""
"481","Rabbit","Shoulder","","lb","0","1-1-2013","12-31-2013",""
"474","Pork","Shoulder","","lb","0","1-1-2013","12-31-2013",""
"442","Lamb","Shoulder Chops","","lb","0","1-1-2013","12-31-2013",""
"443","Lamb","Shoulder Roast","","lb","0","1-1-2013","12-31-2013",""
"475","Pork","Shoulder Steak","","lb","0","1-1-2013","12-31-2013",""
"574","Elk","Sirloin Steak","","lb","0","1-1-2013","12-31-2013",""
"391","Beef","Sirloin Tip","","lb","0","1-1-2013","12-31-2013",""
"575","Elk","Sirloin Tip Roast","","lb","0","1-1-2013","12-31-2013",""
"576","Elk","Sirloin Tip Steak","","lb","0","1-1-2013","12-31-2013",""
"185","Herbs","Sage","","bunch","0","6-1-2013","12-15-2013",""
"187","Herbs","Tarragon","","bunch","0","6-1-2013","11-15-2013",""
"505","Ice Cream","Sorbet","","lb","0","1-1-2013","12-31-2013",""
"172","Herbs","Basil","","bunch","0","7-1-2013","10-20-2013",""
"529","Bread","Sourdough Bread","","lb","0","1-1-2013","12-31-2013",""
"179","Herbs","Lemon Grass","","bunch","0","7-1-2013","8-15-2013",""
"530","Bread","Specialty Bread","","lb","0","1-1-2013","12-31-2013",""
"506","Ice Cream","Specialty Flavor","","gal","0","1-1-2013","12-31-2013",""
"287","Sprouts","Sprouts","","lb","0","1-1-2013","12-31-2013",""
"603","Game Birds","Squab","","lb","0","1-1-2013","12-31-2013",""
"392","Beef","Steak, Delmonico","","lb","0","1-1-2013","12-31-2013",""
"393","Beef","Steak, Flank","","lb","0","1-1-2013","12-31-2013",""
"394","Beef","Steak, New York Strip","","lb","0","1-1-2013","12-31-2013",""
"395","Beef","Steak, Sirloin","","lb","0","1-1-2013","12-31-2013",""
"396","Beef","Steak, Skirt","","lb","0","1-1-2013","12-31-2013",""
"397","Beef","Steak, Strip","","lb","0","1-1-2013","12-31-2013",""
"398","Beef","Steak, Tenderloin","","lb","0","1-1-2013","12-31-2013",""
"553","Ostrich","Steaks","","lb","0","1-1-2013","12-31-2013",""
"577","Elk","Stew Meat","","lb","0","1-1-2013","12-31-2013",""
"399","Beef","Stew Meat","","lb","0","1-1-2013","12-31-2013",""
"444","Lamb","Stew Meat","","lb","0","1-1-2013","12-31-2013",""
"412","Bison","Strip Loin","","lb","0","1-1-2013","12-31-2013",""
"400","Beef","Strip Loin","","lb","0","1-1-2013","12-31-2013",""
"289","Butter","Sweet Butter","","lb","0","1-1-2013","12-31-2013",""
"578","Elk","T Bone","","lb","0","1-1-2013","12-31-2013",""
"183","Herbs","Parsley","","bunch","0","7-1-2013","10-31-2013",""
"476","Pork","Tail","","lb","0","1-1-2013","12-31-2013",""
"579","Elk","Tenderloin","","lb","0","1-1-2013","12-31-2013",""
"487","Turkey","Tenderloin","","lb","0","1-1-2013","12-31-2013",""
"413","Bison","Tenderloin","","lb","0","1-1-2013","12-31-2013",""
"401","Beef","Tenderloin","","lb","0","1-1-2013","12-31-2013",""
"477","Pork","Tenderloin","","lb","0","1-1-2013","12-31-2013",""
"445","Lamb","Tenderloins","","lb","0","1-1-2013","12-31-2013",""
"418","Chicken","Thighs","","lb","0","1-1-2013","12-31-2013",""
"488","Turkey","Thighs","","lb","0","1-1-2013","12-31-2013",""
"347","Jams And Spreads","Marmalade","","lb","0","1-1-2013","12-31-2013",""
"478","Pork","Tongue","","lb","0","1-1-2013","12-31-2013",""
"446","Lamb","Tongue","","lb","0","1-1-2013","12-31-2013",""
"402","Beef","Tongue","","lb","0","1-1-2013","12-31-2013",""
"403","Beef","Top Round","","lb","0","1-1-2013","12-31-2013",""
"447","Lamb","Top Sirloin","","lb","0","1-1-2013","12-31-2013",""
"479","Pork","Trotters","","lb","0","1-1-2013","12-31-2013",""
"359","Trout","Trout","","lb","0","1-1-2013","12-31-2013",""
"623","Turkey","Turkey","","lb","0","1-1-2013","12-31-2013",""
"290","Butter","Unsalted Butter","","lb","0","1-1-2013","12-31-2013",""
"507","Ice Cream","Vanilla","","gal","0","1-1-2013","12-31-2013",""
"404","Beef","Veal Rack","","lb","0","1-1-2013","12-31-2013",""
"405","Beef","Veal Tenderloin","","lb","0","1-1-2013","12-31-2013",""
"598","Vension","Venison","","lb","0","1-1-2013","12-31-2013",""
"618","Vension","Vension","","lb","0","1-1-2013","12-31-2013",""
"343","Jams And Spreads","Chutney","","lb","0","1-1-2013","12-31-2013",""
"531","Bread","White Bread","","lb","0","1-1-2013","12-31-2013",""
"200","Mushrooms","White Button Mushrooms","","lb","0","1-1-2013","12-31-2013",""
"419","Chicken","Whole Chicken","","lb","0","1-1-2013","12-31-2013",""
"406","Beef","Whole Cow","","lb","0","1-1-2013","12-31-2013",""
"426","Duck","Whole Duck","","lb","0","1-1-2013","12-31-2013",""
"580","Elk","Whole Elk","","lb","0","1-1-2013","12-31-2013",""
"431","Goat","Whole Goat","","lb","0","1-1-2013","12-31-2013",""
"448","Lamb","Whole Lamb","","lb","0","1-1-2013","12-31-2013",""
"344","Jams And Spreads","Fruit Butter","","lb","0","1-1-2013","12-31-2013",""
"345","Jams And Spreads","Jam","","lb","0","1-1-2013","12-31-2013",""
"480","Pork","Whole Pig","","lb","0","1-1-2013","12-31-2013",""
"420","Chicken","Whole Poussin","","lb","0","1-1-2013","12-31-2013",""
"482","Rabbit","Whole Rabbits","","lb","0","1-1-2013","12-31-2013",""
"489","Turkey","Whole Turkeys","","lb","0","1-1-2013","12-31-2013",""
"532","Bread","Whole Wheat Bread","","lb","0","1-1-2013","12-31-2013",""
"490","Turkey","Wings","","lb","0","1-1-2013","12-31-2013",""
"421","Chicken","Wings","","lb","0","1-1-2013","12-31-2013",""
"508","Ice Cream","With Nuts","","lb","0","1-1-2013","12-31-2013",""
"634","Jams And Spreads","Jams And Spreads","","lb","0","1-1-2013","12-31-2013",""
"292","Cheese","Blue Cheese","","lb","0","1-1-2013","12-31-2013",""
"642","Butter","Butter","","lb","0","1-1-2013","12-31-2013",""
"293","Cheese","Camembert","","lb","0","1-1-2013","12-31-2013",""
"299","Cheese","Feta","","lb","0","1-1-2013","12-31-2013",""
"303","Cheese","Quark","","lb","0","1-1-2013","12-31-2013",""
"304","Cheese","Queso Fresco","","lb","0","1-1-2013","12-31-2013",""
"305","Cheese","Ricotta","","lb","0","1-1-2013","12-31-2013",""
"307","Cheese","Swiss Cheese","","lb","0","1-1-2013","12-31-2013",""
"336","Honey","Alfalfa Honey","","lb","0","1-1-2013","12-31-2013",""
"512","Dried Beans","Black Beans","","lb","0","1-1-2013","12-31-2013",""
"542","Pies","Blueberry Pie","","lb","0","1-1-2013","12-31-2013",""
"337","Honey","Buckwheat Honey","","lb","0","1-1-2013","12-31-2013",""
"346","Jams And Spreads","Jelly","","lb","0","1-1-2013","12-31-2013",""
"313","Milk","Chocolate Milk","","gal","0","1-1-2013","12-31-2013",""
"314","Milk","Cream Top Milk","","gal","0","1-1-2013","12-31-2013",""
"315","Milk","Fat Free Milk","","gal","0","1-1-2013","12-31-2013",""
"338","Honey","Clover Honey","","lb","0","1-1-2013","12-31-2013",""
"316","Milk","Goat Milk","","gal","0","1-1-2013","12-31-2013",""
"317","Milk","Low Fat Milk","","gal","0","1-1-2013","12-31-2013",""
"648","Milk","Milk","","gal","0","1-1-2013","12-31-2013",""
"632","Dried Beans","Dried Beans","","lb","0","1-1-2013","12-31-2013",""
"597","Eucalyptus","Eucalyptus","","lb","0","1-1-2013","12-31-2013",""
"517","Grains","Flour","","lb","0","1-1-2013","12-31-2013",""
"318","Milk","Reduced Fat Milk","","gal","0","1-1-2013","12-31-2013",""
"614","Coffee","Ground Coffee","","lb","0","1-1-2013","12-31-2013",""
"339","Honey","Honey","","lb","0","1-1-2013","12-31-2013",""
"340","Honey","Honeycomb","","lb","0","1-1-2013","12-31-2013",""
"319","Milk","Whole Milk","","lb","0","1-1-2013","12-31-2013",""
"587","Oils","Oil","","1/2pt","0","1-1-2013","12-31-2013",""
"643","Oils","Oils","","1/2pt","0","1-1-2013","12-31-2013",""
"513","Dried Beans","Kidney Beans","","lb","0","1-1-2013","12-31-2013",""
"588","Oils","Squash Seed Oil","","1/2pt","0","1-1-2013","12-31-2013",""
"589","Oils","Sunflower Oil","","1/2pt","0","1-1-2013","12-31-2013",""
"341","Honey","Orange Blossom Honey","","lb","0","1-1-2013","12-31-2013",""
"610","Quail Eggs","Quail Eggs","","doz","0","1-1-2013","12-31-2013",""
"514","Dried Beans","Pinto Beans","","lb","0","1-1-2013","12-31-2013",""
"518","Grains","Polenta","","lb","0","1-1-2013","12-31-2013",""
"544","Pies","Pumpkin Pie","","lb","0","1-1-2013","12-31-2013",""
"515","Dried Beans","Red Beans","","lb","0","1-1-2013","12-31-2013",""
"545","Pies","Rhubarb Pie","","lb","0","1-1-2013","12-31-2013",""
"586","Relishes And Salsas","Salsa","","lb","0","1-1-2013","12-31-2013",""
"595","Sauces","Sauce","","gal","0","1-1-2013","12-31-2013",""
"546","Pies","Strawberry Pie","","lb","0","1-1-2013","12-31-2013",""
"627","Sauces","Sauces","","gal","0","1-1-2013","12-31-2013",""
"596","Sauces","Tomato Sauce","","gal","0","1-1-2013","12-31-2013",""
"509","Soy Products","Flavored Soymilk","","gal","0","1-1-2013","12-31-2013",""
"510","Soy Products","Plain Soymilk","","gal","0","1-1-2013","12-31-2013",""
"615","Coffee","Whole Bean Coffee","","lb","0","1-1-2013","12-31-2013",""
"342","Honey","Wildflower Honey","","lb","0","1-1-2013","12-31-2013",""
"357","Trout","Brook Trout","","lb","0","1-1-2013","12-31-2013",""
"502","Ice Cream","Coffee","","gal","0","1-1-2013","12-31-2013",""
"423","Duck","Confit","","lb","0","1-1-2013","12-31-2013",""
"582","Pickled Items","Pickled Fruits","","lb","0","1-1-2013","12-31-2013",""
"620","Pickled Items","Pickled Items","","lb","0","1-1-2013","12-31-2013",""
"583","Pickled Items","Pickled Vegetables","","lb","0","1-1-2013","12-31-2013",""
"584","Pickled Items","Pickles","","lb","0","1-1-2013","12-31-2013",""
"358","Trout","Rainbow Trout","","lb","0","1-1-2013","12-31-2013",""
"646","Shellfish","Shellfish","","lb","0","1-1-2013","12-31-2013",""
"629","Soy Products","Soy Products","","lb","0","1-1-2013","12-31-2013",""
"248","Ramps","Ramps","","lb","0","3-1-2013","6-30-2013",""
"608","Flowers","Edible Flowers","","lb","0","4-1-2013","9-30-2013",""
"150","Greens","Mesclun Mix","","bu","0","4-1-2013","11-30-2013",""
"498","Shellfish","Mussels","","lb","0","4-1-2013","12-31-2013",""
"153","Greens","Purslane","","bu","0","4-1-2013","11-30-2013",""
"607","Flowers","Decorative Flowers","","lb","0","4-1-2013","8-31-2013",""
"152","Greens","Nettle","","bu","0","4-15-2013","6-15-2013",""
"165","Greens","Sorrel","","bu","0","4-15-2013","11-15-2013",""
"70","Asparagus","Asparagus","","lb","0","5-1-2013","6-30-2013",""
"129","Greens","Beet Greens","","bu","0","5-1-2013","9-30-2013",""
"130","Greens","Bibb Lettuce","","bu","0","5-1-2013","10-31-2013",""
"132","Greens","Boston Lettuce","","bu","0","5-1-2013","10-31-2013",""
"511","Soy Products","Tofu","","lb","0","1-1-2013","12-31-2013",""
"75","Beans","Fava Beans","","lb","0","5-1-2013","6-30-2013",""
"126","Garlic","Garlic Scapes","","lb","0","5-1-2013","6-30-2013",""
"127","Garlic","Green Garlic","","lb","0","5-1-2013","6-30-2013",""
"142","Greens","Green Leaf Lettuce","","bu","0","5-1-2013","10-31-2013",""
"143","Greens","Green Mizuna","","bu","0","5-1-2013","10-31-2013",""
"145","Greens","Green Oak","","bu","0","5-1-2013","10-31-2013",""
"146","Greens","Green Romaine","","bu","0","5-1-2013","10-31-2013",""
"639","Greens","Greens","","bu","0","5-1-2013","10-31-2013",""
"149","Greens","Lettuce","","bu","0","5-1-2013","10-31-2013",""
"235","Potatoes","New Potatoes","","lb","0","5-1-2013","5-31-2013",""
"246","Radishes","Radishes","","lb","0","5-1-2013","9-30-2013",""
"158","Greens","Red Leaf Lettuce","","bu","0","5-1-2013","10-31-2013",""
"159","Greens","Red Mizuna","","bu","0","5-1-2013","10-31-2013",""
"160","Greens","Red Mustard","","bu","0","5-1-2013","10-31-2013",""
"161","Greens","Red Oak","","bu","0","5-1-2013","7-1-2013",""
"204","Onions","Scallions","","lb","0","5-1-2013","9-30-2013",""
"167","Greens","Spinach","","bu","0","5-1-2013","10-31-2013",""
"206","Onions","Spring Onions","","lb","0","5-1-2013","6-30-2013",""
"348","Syrup","Cider Syrup","","gal","0","1-1-2013","12-31-2013",""
"169","Greens","Turnip Greens","","bu","0","5-1-2013","8-31-2013",""
"71","Asparagus","White Asparagus","","lb","0","5-1-2013","6-30-2013",""
"606","Hay","Hay","","bu","0","5-25-2013","10-10-2013",""
"128","Greens","Arugula","","bu","0","6-1-2013","11-30-2013",""
"84","Beets","Beets","","lb","0","6-1-2013","11-30-2013",""
"123","Garlic","Black Garlic","","lb","0","6-1-2013","7-31-2013",""
"90","Broccoli","Broccoli","","lb","0","6-1-2013","11-30-2013",""
"92","Broccoli","Broccoli Raab","","lb","0","6-1-2013","11-30-2013",""
"94","Cabbage","Cabbage","","lb","0","6-1-2013","11-30-2013",""
"349","Syrup","Cooking Grade Maple Syrup","","gal","0","1-1-2013","12-31-2013",""
"136","Greens","Dandelion","","bu","0","6-1-2013","11-30-2013",""
"350","Syrup","Dark Amber Maple Syrup","","gal","0","1-1-2013","12-31-2013",""
"124","Garlic","Elephant Garlic","","lb","0","6-1-2013","7-31-2013",""
"138","Greens","Escarole","","bu","0","6-1-2013","11-30-2013",""
"125","Garlic","Garlic","","lb","0","6-1-2013","7-31-2013",""
"95","Cabbage","Green Cabbage","","lb","0","6-1-2013","11-30-2013",""
"140","Greens","Green Chard","","bu","0","6-1-2013","11-30-2013",""
"144","Greens","Green Mustard","","bu","0","6-1-2013","11-30-2013",""
"351","Syrup","Light Amber Maple Syrup","","gal","0","1-1-2013","12-31-2013",""
"352","Syrup","Medium Amber Maple Syrup","","gal","0","1-1-2013","12-31-2013",""
"353","Syrup","Syrup","","gal","0","1-1-2013","12-31-2013",""
"590","Vinegar","Vinegar","","gal","0","1-1-2013","12-31-2013",""
"151","Greens","Mixed Lettuce","","bu","0","6-1-2013","11-30-2013",""
"96","Cabbage","Napa Cabbage","","lb","0","6-1-2013","11-30-2013",""
"320","Yogurt","Cream Top Yogurt","","lb","0","1-1-2013","12-31-2013",""
"155","Greens","Rainbow Chard","","bu","0","6-1-2013","11-30-2013",""
"97","Cabbage","Red Cabbage","","lb","0","6-1-2013","11-30-2013",""
"156","Greens","Red Chard","","bu","0","6-1-2013","11-30-2013",""
"162","Greens","Red Romaine","","bu","0","6-1-2013","9-15-2013",""
"321","Yogurt","Fat Free Yogurt","","lb","0","1-1-2013","12-31-2013",""
"322","Yogurt","Goat's Milk Yogurt","","lb","0","1-1-2013","12-31-2013",""
"98","Cabbage","Savoy Cabbage","","lb","0","6-1-2013","11-30-2013",""
"214","Peas","Snap Peas","","lb","0","6-1-2013","7-31-2013",""
"36","Berries","Strawberries","","lb","0","6-1-2013","7-31-2013",""
"323","Yogurt","Greek Yogurt","","lb","0","1-1-2013","12-31-2013",""
"168","Greens","Tat Soi","","bu","0","6-1-2013","11-15-2013",""
"171","Greens","Watercress","","bu","0","6-1-2013","11-30-2013",""
"267","Squash","Zucchini","","lb","0","6-1-2013","10-15-2013",""
"30","Berries","Berries","","lb","0","6-1-2013","10-31-2013",""
"91","Broccoli","Broccoli Florettes","","lb","0","6-1-2013","11-30-2013",""
"256","Squash","Golden Zucchini","","lb","0","6-1-2013","10-15-2013",""
"263","Squash","Squash Runners","","lb","0","6-1-2013","10-31-2013",""
"266","Squash","Yellow Zucchini","","lb","0","6-1-2013","10-15-2013",""
"85","Beets","Candy Stripe Beets","","lb","0","6-1-2013","11-30-2013",""
"86","Beets","Chiogga Beets","","lb","0","6-1-2013","11-30-2013",""
"516","Grains","Farro","","lb","0","6-1-2013","10-31-2013",""
"87","Beets","Golden Beets","","lb","0","6-1-2013","11-30-2013",""
"622","Grains","Grains","","lb","0","6-1-2013","10-31-2013",""
"88","Beets","Red Beets","","lb","0","6-1-2013","11-30-2013",""
"519","Grains","Spelt","","lb","0","6-1-2013","10-31-2013",""
"520","Grains","Wheat Berries","","lb","0","6-1-2013","10-31-2013",""
"89","Beets","White Beets","","lb","0","6-1-2013","11-30-2013",""
"612","Kohlrabi","Green Kohlrabi","","lb","0","6-1-2013","10-31-2013",""
"613","Kohlrabi","Red Kohlrabi","","lb","0","6-1-2013","10-31-2013",""
"72","Beans","Beans","","lb","0","6-15-2013","10-31-2013",""
"73","Beans","Dragon Tongue Beans","","lb","0","6-15-2013","10-15-2013",""
"76","Beans","Garbanzo Beans","","lb","0","6-15-2013","10-15-2013",""
"34","Berries","Gooseberries","","lb","0","6-15-2013","8-15-2013",""
"78","Beans","Heirloom Beans","","lb","0","6-15-2013","10-15-2013",""
"40","Cherries","Sweet Cherries","","lb","0","6-15-2013","7-31-2013",""
"277","Tomatoes","Tomatillos","","lb","0","6-15-2013","10-31-2013",""
"262","Squash","Squash","","lb","0","6-25-2013","9-1-2013",""
"131","Greens","Bok Choi","","bu","0","6-30-2013","11-30-2013",""
"1","Apples","Apples","","lb","0","7-1-2013","10-31-2013",""
"547","Artichokes","Artichokes","","lb","0","7-1-2013","8-15-2013",""
"548","Artichokes","Baby Artichokes","","lb","0","7-1-2013","8-15-2013",""
"324","Yogurt","Low Fat Yogurt","","lb","0","1-1-2013","12-31-2013",""
"269","Tomatoes","Beefsteak Tomatoes","","lb","0","7-1-2013","10-31-2013",""
"32","Berries","Blueberries","","lb","0","7-1-2013","9-30-2013",""
"99","Carrots","Carrots","","lb","0","7-1-2013","11-30-2013",""
"38","Cherries","Cherries","","lb","0","7-1-2013","7-31-2013",""
"270","Tomatoes","Cherry Tomatoes","","lb","0","7-1-2013","10-31-2013",""
"135","Greens","Collard Greens","","bu","0","7-1-2013","12-31-2013",""
"111","Corn","Corn","","lb","0","7-1-2013","10-31-2013",""
"113","Cucumbers","Cucumbers","","lb","0","7-1-2013","9-30-2013",""
"137","Greens","Endive","","bu","0","7-1-2013","10-1-2013",""
"139","Greens","Frisee","","bu","0","7-1-2013","10-1-2013",""
"271","Tomatoes","Grape Tomatoes","","lb","0","7-1-2013","10-31-2013",""
"77","Beans","Green Beans","","lb","0","7-1-2013","10-31-2013",""
"272","Tomatoes","Green Tomatoes","","lb","0","7-1-2013","10-31-2013",""
"273","Tomatoes","Heirloom Tomatoes","","lb","0","7-1-2013","10-31-2013",""
"325","Yogurt","Sheep's Milk Yogurt","","lb","0","1-1-2013","12-31-2013",""
"326","Yogurt","Smoothies","","gal","0","1-1-2013","12-31-2013",""
"53","Peaches","Peaches","","lb","0","7-1-2013","9-30-2013",""
"223","Peppers","Peppers","","lb","0","7-1-2013","10-31-2013",""
"274","Tomatoes","Plum Tomatoes","","lb","0","7-1-2013","10-31-2013",""
"65","Plums","Plums","","lb","0","7-1-2013","9-30-2013",""
"237","Potatoes","Potatoes","","lb","0","7-1-2013","10-31-2013",""
"275","Tomatoes","Roma Tomatoes","","lb","0","7-1-2013","10-31-2013",""
"276","Tomatoes","San Marzano Tomatoes","","lb","0","7-1-2013","10-31-2013",""
"39","Cherries","Sour Cherries","","lb","0","7-1-2013","7-31-2013",""
"82","Beans","String Beans","","lb","0","7-1-2013","10-31-2013",""
"356","Bass","Striped Bass","","lb","0","7-1-2013","12-31-2013",""
"227","Peppers","Sweet Peppers","","lb","0","7-1-2013","10-31-2013",""
"278","Tomatoes","Tomatoes","","lb","0","7-1-2013","10-31-2013",""
"279","Tomatoes","Yellow Tomatoes","","lb","0","7-1-2013","10-31-2013",""
"83","Beans","Yellow Wax Beans","","lb","0","7-1-2013","10-31-2013",""
"216","Peppers","Anaheim Peppers","","lb","0","7-1-2013","10-31-2013",""
"37","Cherries","Bing Cherries","","lb","0","7-1-2013","7-31-2013",""
"52","Peaches","Donut Peaches","","lb","0","7-1-2013","9-30-2013",""
"217","Peppers","Frying Peppers","","lb","0","7-1-2013","10-31-2013",""
"218","Peppers","Green Bell Peppers","","lb","0","7-1-2013","10-31-2013",""
"219","Peppers","Habanero Chiles","","lb","0","7-1-2013","10-31-2013",""
"220","Peppers","Heirloom Peppers","","lb","0","7-1-2013","10-31-2013",""
"221","Peppers","Jalapeno Peppers","","lb","0","7-1-2013","10-15-2013",""
"236","Potatoes","Norland Potatoes","","lb","0","7-1-2013","10-31-2013",""
"222","Peppers","Orange Bell Peppers","","lb","0","7-1-2013","10-15-2013",""
"100","Carrots","Orange Carrots","","lb","0","7-1-2013","11-30-2013",""
"101","Carrots","Purple Carrots","","lb","0","7-1-2013","11-30-2013",""
"238","Potatoes","Red Adirondack Potatoes","","lb","0","7-1-2013","10-31-2013",""
"224","Peppers","Red Bell Peppers","","lb","0","7-1-2013","10-15-2013",""
"240","Potatoes","Russet Potatoes","","lb","0","7-1-2013","10-31-2013",""
"225","Peppers","Serrano Chiles","","lb","0","7-1-2013","10-15-2013",""
"226","Peppers","Shishito Peppers","","lb","0","7-1-2013","10-15-2013",""
"102","Carrots","White Carrots","","lb","0","7-1-2013","11-30-2013",""
"54","Peaches","White Peaches","","lb","0","7-1-2013","9-30-2013",""
"228","Peppers","Yellow Bell Peppers","","lb","0","7-1-2013","10-15-2013",""
"103","Carrots","Yellow Carrots","","lb","0","7-1-2013","11-30-2013",""
"55","Peaches","Yellow Peaches","","lb","0","7-1-2013","9-30-2013",""
"242","Potatoes","Yukon Potatoes","","lb","0","7-1-2013","10-31-2013",""
"63","Plums","Damson Plums","","lb","0","7-1-2013","9-30-2013",""
"64","Plums","Gold Plums","","lb","0","7-1-2013","9-30-2013",""
"66","Plums","Purple Plums","","lb","0","7-1-2013","9-30-2013",""
"67","Plums","Shiro Plums","","lb","0","7-1-2013","9-30-2013",""
"68","Plums","Sugar Plums","","lb","0","7-1-2013","9-30-2013",""
"114","Cucumbers","English Cucumbers","","lb","0","7-1-2013","9-30-2013",""
"115","Cucumbers","Kirby Cucumbers","","lb","0","7-1-2013","9-30-2013",""
"80","Beans","Pole Beans","","lb","0","7-5-2013","9-30-2013",""
"647","Flowers","Flowers","","lb","0","7-15-2013","9-15-2013",""
"164","Greens","Savoy","","bu","0","7-15-2013","12-31-2013",""
"205","Onions","Shallots","","lb","0","7-15-2013","10-31-2013",""
"42","Currants","Currants","","lb","0","7-15-2013","8-31-2013",""
"41","Currants","Black Currants","","lb","0","7-15-2013","8-31-2013",""
"43","Currants","Red Currants","","lb","0","7-15-2013","8-31-2013",""
"50","Nectarines","Nectarines","","lb","0","7-20-2013","9-1-2013",""
"51","Nectarines","White Nectarines","","lb","0","7-20-2013","9-1-2013",""
"250","Squash","Acorn Squash","","lb","0","8-1-2013","10-31-2013",""
"29","Apricots","Apricots","","lb","0","8-1-2013","9-30-2013",""
"56","Pears","Asian Pears","","lb","0","8-1-2013","10-31-2013",""
"31","Berries","Blackberries","","lb","0","8-1-2013","8-31-2013",""
"46","Melons","Cantaloupe","","lb","0","8-1-2013","9-30-2013",""
"104","Cauliflower","Cauliflower","","lb","0","8-1-2013","11-30-2013",""
"110","Celery","Celery","","lb","0","8-1-2013","10-31-2013",""
"117","Eggplant","Eggplant","","lb","0","8-1-2013","10-31-2013",""
"189","Leeks","Leeks","","lb","0","8-1-2013","10-31-2013",""
"48","Melons","Melons","","lb","0","8-1-2013","9-15-2013",""
"201","Onions","Onions","","lb","0","8-1-2013","10-31-2013",""
"203","Onions","Red Onions","","lb","0","8-1-2013","11-30-2013",""
"249","Rutabaga","Rutabaga","","lb","0","8-1-2013","11-30-2013",""
"112","Corn","Sweet Corn","","lb","0","8-1-2013","9-20-2013",""
"283","Turnips","Turnips","","lb","0","8-1-2013","10-31-2013",""
"264","Squash","Winter Squash","","lb","0","8-1-2013","10-31-2013",""
"116","Eggplant","Black Beauty Eggplant","","lb","0","8-1-2013","10-31-2013",""
"229","Potatoes","Blue Adirondack Potatoes","","lb","0","8-1-2013","10-31-2013",""
"251","Squash","Buttercup Squash","","lb","0","8-1-2013","10-31-2013",""
"253","Squash","Carnival Squash","","lb","0","8-1-2013","10-31-2013",""
"255","Squash","Delicata Squash","","lb","0","8-1-2013","10-31-2013",""
"118","Eggplant","Fairytale Eggplant","","lb","0","8-1-2013","10-31-2013",""
"280","Turnips","Golden Turnips","","lb","0","8-1-2013","10-31-2013",""
"257","Squash","Hubbard Squash","","lb","0","8-1-2013","10-31-2013",""
"281","Turnips","Japanese Turnips","","lb","0","8-1-2013","10-31-2013",""
"258","Squash","Patty Pan Squash","","lb","0","8-1-2013","10-31-2013",""
"119","Eggplant","Purple Eggplant","","lb","0","8-1-2013","10-31-2013",""
"282","Turnips","Purple Turnips","","lb","0","8-1-2013","10-31-2013",""
"260","Squash","Red Kuri Squash","","lb","0","8-1-2013","10-31-2013",""
"239","Potatoes","Red Potatoes","","lb","0","8-1-2013","10-15-2013",""
"261","Squash","Spaghetti Squash","","lb","0","8-1-2013","11-15-2013",""
"120","Eggplant","Striped Eggplant","","lb","0","8-1-2013","10-31-2013",""
"121","Eggplant","White Eggplant","","lb","0","8-1-2013","10-31-2013",""
"284","Turnips","White Turnips","","lb","0","8-1-2013","10-31-2013",""
"285","Turnips","Yellow Turnips","","lb","0","8-1-2013","10-31-2013",""
"265","Squash","Yellow Zephyr Squash","","lb","0","8-1-2013","10-31-2013",""
"105","Cauliflower","Cheddar Cauliflower","","lb","0","8-1-2013","11-30-2013",""
"47","Melons","Heirloom Melons","","lb","0","8-1-2013","9-15-2013",""
"106","Cauliflower","Purple Cauliflower","","lb","0","8-1-2013","11-30-2013",""
"202","Onions","Red Cippolini","","lb","0","8-1-2013","10-31-2013",""
"107","Cauliflower","Romanesco Cauliflower","","lb","0","8-1-2013","11-30-2013",""
"207","Onions","Sweet Onions","","lb","0","8-1-2013","10-31-2013",""
"108","Cauliflower","White Cauliflower","","lb","0","8-1-2013","11-30-2013",""
"208","Onions","White Onions","","lb","0","8-1-2013","10-31-2013",""
"209","Onions","Yellow Cippolini","","lb","0","8-1-2013","10-31-2013",""
"133","Greens","Butter Lettuce","","bu","0","8-15-2013","10-15-2013",""
"74","Beans","Edamame","","lb","0","8-15-2013","10-31-2013",""
"8","Apples","Gala Apples","","lb","0","8-15-2013","9-15-2013",""
"9","Apples","Ginger Gold Apples","","lb","0","8-15-2013","9-15-2013",""
"554","Okra","Okra","","lb","0","8-15-2013","9-15-2013",""
"166","Greens","Spigarello","","bu","0","8-15-2013","11-30-2013",""
"231","Potatoes","Carola Potatoes","","lb","0","8-15-2013","10-15-2013",""
"232","Potatoes","Eva Potatoes","","lb","0","8-15-2013","10-15-2013",""
"234","Potatoes","Kennebec Potatoes","","lb","0","8-15-2013","10-15-2013",""
"22","Apples","Paulared Apples","","lb","0","8-20-2013","10-31-2013",""
"57","Pears","Bartlett Pears","","lb","0","8-25-2013","10-31-2013",""
"59","Pears","Clapp Pears","","lb","0","8-25-2013","10-31-2013",""
"2","Apples","Braeburn Apples","","lb","0","9-1-2013","10-31-2013",""
"93","Brussels Sprouts","Brussels Sprouts","","lb","0","9-1-2013","11-30-2013",""
"619","Cardoons","Cardoons","","lb","0","9-1-2013","12-15-2013",""
"109","Celery","Celeriac","","lb","0","9-1-2013","11-30-2013",""
"134","Greens","Chicory","","bu","0","9-1-2013","10-31-2013",""
"4","Apples","Cortland Apples","","lb","0","9-1-2013","10-31-2013",""
"5","Apples","Crispin Apples","","lb","0","9-1-2013","10-31-2013",""
"244","Radishes","Daikon Radishes","","lb","0","9-1-2013","11-30-2013",""
"45","Grapes","Grapes","","lb","0","9-1-2013","10-31-2013",""
"141","Greens","Green Kale","","bu","0","9-1-2013","11-30-2013",""
"12","Apples","Heirloom Variety Apples","","lb","0","9-1-2013","10-31-2013",""
"13","Apples","Honeycrisp Apples","","lb","0","9-1-2013","9-15-2013",""
"17","Apples","Jonamac Apples","","lb","0","9-1-2013","10-31-2013",""
"148","Greens","Lacinato Kale","","bu","0","9-1-2013","11-30-2013",""
"79","Beans","Lima Beans","","lb","0","9-1-2013","10-31-2013",""
"19","Apples","Mc Intosh Apples","","lb","0","9-1-2013","10-31-2013",""
"499","Shellfish","Oysters","","lb","0","9-1-2013","5-31-2014",""
"259","Squash","Pumpkins","","lb","0","9-1-2013","10-31-2013",""
"154","Greens","Raddiccio","","bu","0","9-1-2013","10-31-2013",""
"157","Greens","Red Kale","","bu","0","9-1-2013","11-30-2013",""
"163","Greens","Red Russian Kale","","bu","0","9-1-2013","11-30-2013",""
"81","Beans","Shelling Beans","","lb","0","9-1-2013","12-31-2013",""
"170","Greens","Tuscan Kale","","bu","0","9-1-2013","11-30-2013",""
"49","Melons","Watermelon","","lb","0","9-1-2013","10-31-2013",""
"210","Onions","Yellow Onions","","lb","0","9-1-2013","11-20-2013",""
"243","Radishes","Black Radishes","","lb","0","9-1-2013","11-30-2013",""
"230","Potatoes","Blue Potatoes","","lb","0","9-1-2013","11-30-2013",""
"254","Squash","Cheese Pumpkins","","lb","0","9-1-2013","10-31-2013",""
"233","Potatoes","Fingerlings","","lb","0","9-1-2013","11-30-2013",""
"245","Radishes","French Breakfast Radishes","","lb","0","9-1-2013","11-30-2013",""
"247","Radishes","Watermelon Radishes","","lb","0","9-1-2013","11-30-2013",""
"327","Yogurt","Whole Milk Yogurt","","lb","0","1-1-2013","12-31-2013",""
"44","Grapes","Concord Grapes","","lb","0","9-1-2013","10-31-2013",""
"286","Salsify","Salsify","","lb","0","9-1-2013","4-1-2014",""
"268","Sunchokes","Sunchokes","","lb","0","9-1-2013","11-30-2013",""
"60","Pears","Comice Pears","","lb","0","9-15-2013","10-31-2013",""
"10","Apples","Golden Delicious Apples","","lb","0","9-15-2013","10-15-2013",""
"16","Apples","Jonagold Apples","","lb","0","9-15-2013","10-15-2013",""
"62","Pears","Seckel Pears","","lb","0","9-15-2013","10-31-2013",""
"241","Potatoes","Sweet Potatoes","","lb","0","9-15-2013","11-20-2013",""
"58","Pears","Bosc Pears","","lb","0","9-25-2013","10-31-2013",""
"18","Apples","Macoun Apples","","lb","0","9-30-2013","10-31-2013",""
"61","Pears","Pears","","lb","0","9-30-2013","10-31-2013",""
"24","Apples","Red Delicious Apples","","lb","0","9-30-2013","10-31-2013",""
"252","Squash","Butternut Squash","","lb","0","10-1-2013","11-30-2013",""
"33","Berries","Cranberries","","lb","0","10-1-2013","12-31-2013",""
"6","Apples","Empire Apples","","lb","0","10-1-2013","10-31-2013",""
"7","Apples","Fuji Apples","","lb","0","10-1-2013","10-31-2013",""
"20","Apples","Mutsu Apples","","lb","0","10-1-2013","10-31-2013",""
"69","Quince","Quince","","lb","0","10-1-2013","11-15-2013",""
"26","Apples","Spartan Apples","","lb","0","10-1-2013","10-31-2013",""
"3","Apples","Cameo Apples","","lb","0","10-15-2013","11-15-2013",""
"14","Apples","Idared Apples","","lb","0","10-15-2013","10-31-2013",""
"15","Apples","Jazz Apples","","lb","0","10-15-2013","11-30-2013",""
"21","Apples","Northern Spy Apples","","lb","0","10-15-2013","11-15-2013",""
"25","Apples","Rome Apples","","lb","0","10-15-2013","11-15-2013",""
"27","Apples","Stayman Apples","","lb","0","10-15-2013","11-15-2013",""
"28","Apples","Winesap Apples","","lb","0","10-15-2013","11-15-2013",""
"122","Fennel","Fennel","","lb","0","10-31-2013","11-30-2013",""
"11","Apples","Granny Smith Apples","","lb","0","11-1-2013","11-30-2013",""
"23","Apples","Pink Lady Apples","","lb","0","11-1-2013","11-30-2013",""
"630","Yogurt","Yogurt","","lb","0","1-1-2013","12-31-2013",""
"354","Tilapia","Tilapia","","lb","0","1-1-2013","12-31-2013",""
"211","Parsnips","Parsnips","","lb","0","4-1-2013","10-31-2013",""
"147","Greens","Kohlrabi","","bu","0","6-1-2013","9-30-2013",""
"212","Peas","Peas","","lb","0","6-1-2013","9-30-2013",""
"213","Peas","Shelling Peas","","lb","0","6-1-2013","9-30-2013"," "
"215","Peas","Snow Peas","","lb","0","6-1-2013","9-30-2013",""
"35","Berries","Raspberries","","lb","0","7-1-2013","9-30-2013",""
